{"config": "/home/dk/vitmvt/configs/nas/vit_mvt_tiny/task_seg.py", "metric": {"aAcc": 0.8126000000000001, "mIoU": 0.4549, "mAcc": 0.5808, "IoU.wall": 0.7490000000000001, "IoU.building": 0.8105, "IoU.sky": 0.9412, "IoU.floor": 0.7994, "IoU.tree": 0.7373999999999999, "IoU.ceiling": 0.8219, "IoU.road": 0.8073, "IoU.bed ": 0.8434999999999999, "IoU.windowpane": 0.5999, "IoU.grass": 0.6651, "IoU.cabinet": 0.5794, "IoU.sidewalk": 0.5943, "IoU.person": 0.7835, "IoU.earth": 0.34369999999999995, "IoU.door": 0.4397, "IoU.table": 0.5371, "IoU.mountain": 0.49689999999999995, "IoU.plant": 0.4696, "IoU.curtain": 0.7101999999999999, "IoU.chair": 0.5122, "IoU.car": 0.8216, "IoU.water": 0.5597, "IoU.painting": 0.688, "IoU.sofa": 0.5754, "IoU.shelf": 0.3893, "IoU.house": 0.4404, "IoU.sea": 0.6149, "IoU.mirror": 0.586, "IoU.rug": 0.6256, "IoU.field": 0.3144, "IoU.armchair": 0.3337, "IoU.seat": 0.6483, "IoU.fence": 0.4495, "IoU.desk": 0.4765, "IoU.rock": 0.4448, "IoU.wardrobe": 0.474, "IoU.lamp": 0.5466, "IoU.bathtub": 0.7259, "IoU.railing": 0.3639, "IoU.cushion": 0.508, "IoU.base": 0.2915, "IoU.box": 0.20920000000000002, "IoU.column": 0.4548, "IoU.signboard": 0.3285, "IoU.chest of drawers": 0.4313, "IoU.counter": 0.3169, "IoU.sand": 0.48210000000000003, "IoU.sink": 0.6494, "IoU.skyscraper": 0.43439999999999995, "IoU.fireplace": 0.6964, "IoU.refrigerator": 0.6524, "IoU.grandstand": 0.33899999999999997, "IoU.path": 0.25129999999999997, "IoU.stairs": 0.2836, "IoU.runway": 0.6217, "IoU.case": 0.4607, "IoU.pool table": 0.9047, "IoU.pillow": 0.49119999999999997, "IoU.screen door": 0.622, "IoU.stairway": 0.2767, "IoU.river": 0.1133, "IoU.bridge": 0.6842, "IoU.bookcase": 0.401, "IoU.blind": 0.36590000000000006, "IoU.coffee table": 0.4874, "IoU.toilet": 0.7774, "IoU.flower": 0.3105, "IoU.book": 0.4263, "IoU.hill": 0.1108, "IoU.bench": 0.44, "IoU.countertop": 0.5228, "IoU.stove": 0.6575, "IoU.palm": 0.467, "IoU.kitchen island": 0.34729999999999994, "IoU.computer": 0.5498, "IoU.swivel chair": 0.41090000000000004, "IoU.boat": 0.3428, "IoU.bar": 0.45799999999999996, "IoU.arcade machine": 0.7922, "IoU.hovel": 0.0722, "IoU.bus": 0.863, "IoU.towel": 0.5439, "IoU.light": 0.42969999999999997, "IoU.truck": 0.19079999999999997, "IoU.tower": 0.31920000000000004, "IoU.chandelier": 0.5935, "IoU.awning": 0.25329999999999997, "IoU.streetlight": 0.1775, "IoU.booth": 0.4978, "IoU.television receiver": 0.6436, "IoU.airplane": 0.5618, "IoU.dirt track": 0.0, "IoU.apparel": 0.298, "IoU.pole": 0.1431, "IoU.land": 0.0499, "IoU.bannister": 0.059800000000000006, "IoU.escalator": 0.2236, "IoU.ottoman": 0.3944, "IoU.bottle": 0.31620000000000004, "IoU.buffet": 0.45439999999999997, "IoU.poster": 0.2076, "IoU.stage": 0.1585, "IoU.van": 0.3574, "IoU.ship": 0.6936, "IoU.fountain": 0.2894, "IoU.conveyer belt": 0.7713, "IoU.canopy": 0.2686, "IoU.washer": 0.6720999999999999, "IoU.plaything": 0.18469999999999998, "IoU.swimming pool": 0.6209, "IoU.stool": 0.35729999999999995, "IoU.barrel": 0.40549999999999997, "IoU.basket": 0.2999, "IoU.waterfall": 0.6466, "IoU.tent": 0.8262999999999999, "IoU.bag": 0.0861, "IoU.minibike": 0.6543000000000001, "IoU.cradle": 0.7574, "IoU.oven": 0.42710000000000004, "IoU.ball": 0.39299999999999996, "IoU.food": 0.312, "IoU.step": 0.054000000000000006, "IoU.tank": 0.4804, "IoU.trade name": 0.19, "IoU.microwave": 0.35159999999999997, "IoU.pot": 0.3161, "IoU.animal": 0.49060000000000004, "IoU.bicycle": 0.53, "IoU.lake": 0.6043999999999999, "IoU.dishwasher": 0.49950000000000006, "IoU.screen": 0.6465000000000001, "IoU.blanket": 0.0723, "IoU.sculpture": 0.5257000000000001, "IoU.hood": 0.6043999999999999, "IoU.sconce": 0.3262, "IoU.vase": 0.2913, "IoU.traffic light": 0.2097, "IoU.tray": 0.0262, "IoU.ashcan": 0.2896, "IoU.fan": 0.5065, "IoU.pier": 0.49119999999999997, "IoU.crt screen": 0.0, "IoU.plate": 0.34979999999999994, "IoU.monitor": 0.49, "IoU.bulletin board": 0.4404, "IoU.shower": 0.0, "IoU.radiator": 0.6077, "IoU.glass": 0.0806, "IoU.clock": 0.3041, "IoU.flag": 0.2905, "Acc.wall": 0.8636, "Acc.building": 0.9216, "Acc.sky": 0.9706, "Acc.floor": 0.8889, "Acc.tree": 0.8754000000000001, "Acc.ceiling": 0.9057, "Acc.road": 0.8862000000000001, "Acc.bed ": 0.9431999999999999, "Acc.windowpane": 0.7669, "Acc.grass": 0.8057, "Acc.cabinet": 0.6954, "Acc.sidewalk": 0.7689, "Acc.person": 0.9142, "Acc.earth": 0.49979999999999997, "Acc.door": 0.5839, "Acc.table": 0.7143999999999999, "Acc.mountain": 0.6113000000000001, "Acc.plant": 0.563, "Acc.curtain": 0.8498, "Acc.chair": 0.6486, "Acc.car": 0.9261, "Acc.water": 0.7115, "Acc.painting": 0.8719, "Acc.sofa": 0.7951, "Acc.shelf": 0.5403, "Acc.house": 0.6182, "Acc.sea": 0.7675, "Acc.mirror": 0.6729, "Acc.rug": 0.7225, "Acc.field": 0.48619999999999997, "Acc.armchair": 0.49939999999999996, "Acc.seat": 0.8076000000000001, "Acc.fence": 0.6363, "Acc.desk": 0.7042, "Acc.rock": 0.7765000000000001, "Acc.wardrobe": 0.7104, "Acc.lamp": 0.6875, "Acc.bathtub": 0.8126000000000001, "Acc.railing": 0.4815, "Acc.cushion": 0.635, "Acc.base": 0.415, "Acc.box": 0.26039999999999996, "Acc.column": 0.5848, "Acc.signboard": 0.4276, "Acc.chest of drawers": 0.6097, "Acc.counter": 0.45049999999999996, "Acc.sand": 0.7181000000000001, "Acc.sink": 0.7495999999999999, "Acc.skyscraper": 0.5587, "Acc.fireplace": 0.875, "Acc.refrigerator": 0.7725, "Acc.grandstand": 0.7348, "Acc.path": 0.36469999999999997, "Acc.stairs": 0.3489, "Acc.runway": 0.8005, "Acc.case": 0.624, "Acc.pool table": 0.9659, "Acc.pillow": 0.6491, "Acc.screen door": 0.7825, "Acc.stairway": 0.3661, "Acc.river": 0.2528, "Acc.bridge": 0.8914, "Acc.bookcase": 0.6559, "Acc.blind": 0.40259999999999996, "Acc.coffee table": 0.7725, "Acc.toilet": 0.8913, "Acc.flower": 0.63, "Acc.book": 0.6222, "Acc.hill": 0.20309999999999997, "Acc.bench": 0.5059, "Acc.countertop": 0.659, "Acc.stove": 0.7465, "Acc.palm": 0.6995999999999999, "Acc.kitchen island": 0.7448, "Acc.computer": 0.7023, "Acc.swivel chair": 0.6059, "Acc.boat": 0.6446, "Acc.bar": 0.5796, "Acc.arcade machine": 0.8765999999999999, "Acc.hovel": 0.0852, "Acc.bus": 0.9293, "Acc.towel": 0.6512, "Acc.light": 0.4639, "Acc.truck": 0.2504, "Acc.tower": 0.47600000000000003, "Acc.chandelier": 0.8088, "Acc.awning": 0.3129, "Acc.streetlight": 0.217, "Acc.booth": 0.5542, "Acc.television receiver": 0.747, "Acc.airplane": 0.6293, "Acc.dirt track": 0.0, "Acc.apparel": 0.461, "Acc.pole": 0.1845, "Acc.land": 0.0748, "Acc.bannister": 0.08289999999999999, "Acc.escalator": 0.2547, "Acc.ottoman": 0.5124, "Acc.bottle": 0.46399999999999997, "Acc.buffet": 0.6235, "Acc.poster": 0.31579999999999997, "Acc.stage": 0.2168, "Acc.van": 0.4612, "Acc.ship": 0.929, "Acc.fountain": 0.3259, "Acc.conveyer belt": 0.9231999999999999, "Acc.canopy": 0.3997, "Acc.washer": 0.7535, "Acc.plaything": 0.2635, "Acc.swimming pool": 0.8303, "Acc.stool": 0.4351, "Acc.barrel": 0.6426000000000001, "Acc.basket": 0.39990000000000003, "Acc.waterfall": 0.7676999999999999, "Acc.tent": 0.9883, "Acc.bag": 0.10310000000000001, "Acc.minibike": 0.7646999999999999, "Acc.cradle": 0.9781, "Acc.oven": 0.5043, "Acc.ball": 0.43810000000000004, "Acc.food": 0.3666, "Acc.step": 0.0581, "Acc.tank": 0.6489, "Acc.trade name": 0.20980000000000001, "Acc.microwave": 0.39390000000000003, "Acc.pot": 0.3544, "Acc.animal": 0.5529, "Acc.bicycle": 0.7313, "Acc.lake": 0.6786, "Acc.dishwasher": 0.6327, "Acc.screen": 0.8411, "Acc.blanket": 0.0805, "Acc.sculpture": 0.7303000000000001, "Acc.hood": 0.6655, "Acc.sconce": 0.37310000000000004, "Acc.vase": 0.40869999999999995, "Acc.traffic light": 0.32899999999999996, "Acc.tray": 0.0542, "Acc.ashcan": 0.36810000000000004, "Acc.fan": 0.6803, "Acc.pier": 0.7119, "Acc.crt screen": 0.0, "Acc.plate": 0.6515000000000001, "Acc.monitor": 0.7558, "Acc.bulletin board": 0.5051, "Acc.shower": 0.0, "Acc.radiator": 0.6995, "Acc.glass": 0.0848, "Acc.clock": 0.3262, "Acc.flag": 0.32049999999999995}}