{"config": "/home/dk/vitmvt/configs/nas/vit_mvt_tiny/task_seg.py", "metric": {"aAcc": 0.8154, "mIoU": 0.4561, "mAcc": 0.5814, "IoU.wall": 0.7558, "IoU.building": 0.8156, "IoU.sky": 0.9409000000000001, "IoU.floor": 0.8044, "IoU.tree": 0.7403, "IoU.ceiling": 0.8298000000000001, "IoU.road": 0.8207, "IoU.bed ": 0.8561, "IoU.windowpane": 0.5920000000000001, "IoU.grass": 0.6784, "IoU.cabinet": 0.5856, "IoU.sidewalk": 0.6231, "IoU.person": 0.7876000000000001, "IoU.earth": 0.3371, "IoU.door": 0.4575, "IoU.table": 0.5397, "IoU.mountain": 0.5001, "IoU.plant": 0.47409999999999997, "IoU.curtain": 0.716, "IoU.chair": 0.5167, "IoU.car": 0.8197, "IoU.water": 0.5304, "IoU.painting": 0.688, "IoU.sofa": 0.5835, "IoU.shelf": 0.4093, "IoU.house": 0.4229, "IoU.sea": 0.5418999999999999, "IoU.mirror": 0.6114, "IoU.rug": 0.6019, "IoU.field": 0.3153, "IoU.armchair": 0.3486, "IoU.seat": 0.6437, "IoU.fence": 0.4454, "IoU.desk": 0.4825, "IoU.rock": 0.4635, "IoU.wardrobe": 0.473, "IoU.lamp": 0.5512, "IoU.bathtub": 0.7387999999999999, "IoU.railing": 0.3259, "IoU.cushion": 0.5276, "IoU.base": 0.2864, "IoU.box": 0.2094, "IoU.column": 0.4618, "IoU.signboard": 0.342, "IoU.chest of drawers": 0.4105, "IoU.counter": 0.3182, "IoU.sand": 0.4808, "IoU.sink": 0.6409, "IoU.skyscraper": 0.4927, "IoU.fireplace": 0.7182999999999999, "IoU.refrigerator": 0.6667000000000001, "IoU.grandstand": 0.36939999999999995, "IoU.path": 0.25329999999999997, "IoU.stairs": 0.2861, "IoU.runway": 0.5909, "IoU.case": 0.4924, "IoU.pool table": 0.9107, "IoU.pillow": 0.5263, "IoU.screen door": 0.6064, "IoU.stairway": 0.2895, "IoU.river": 0.11220000000000001, "IoU.bridge": 0.6889, "IoU.bookcase": 0.40130000000000005, "IoU.blind": 0.3664, "IoU.coffee table": 0.5094, "IoU.toilet": 0.8019, "IoU.flower": 0.3126, "IoU.book": 0.44329999999999997, "IoU.hill": 0.1043, "IoU.bench": 0.4179, "IoU.countertop": 0.552, "IoU.stove": 0.6751999999999999, "IoU.palm": 0.47979999999999995, "IoU.kitchen island": 0.3771, "IoU.computer": 0.5579999999999999, "IoU.swivel chair": 0.4263, "IoU.boat": 0.3169, "IoU.bar": 0.5097, "IoU.arcade machine": 0.6677, "IoU.hovel": 0.0888, "IoU.bus": 0.8692, "IoU.towel": 0.525, "IoU.light": 0.4597, "IoU.truck": 0.1989, "IoU.tower": 0.3016, "IoU.chandelier": 0.61, "IoU.awning": 0.2314, "IoU.streetlight": 0.19, "IoU.booth": 0.5085999999999999, "IoU.television receiver": 0.6223, "IoU.airplane": 0.5449, "IoU.dirt track": 0.1012, "IoU.apparel": 0.2757, "IoU.pole": 0.1496, "IoU.land": 0.0466, "IoU.bannister": 0.0611, "IoU.escalator": 0.23739999999999997, "IoU.ottoman": 0.4211, "IoU.bottle": 0.314, "IoU.buffet": 0.41869999999999996, "IoU.poster": 0.1728, "IoU.stage": 0.1909, "IoU.van": 0.3618, "IoU.ship": 0.5569, "IoU.fountain": 0.2717, "IoU.conveyer belt": 0.6828, "IoU.canopy": 0.27699999999999997, "IoU.washer": 0.6829999999999999, "IoU.plaything": 0.1628, "IoU.swimming pool": 0.6047, "IoU.stool": 0.35479999999999995, "IoU.barrel": 0.4193, "IoU.basket": 0.2801, "IoU.waterfall": 0.5853, "IoU.tent": 0.9259999999999999, "IoU.bag": 0.1002, "IoU.minibike": 0.6446999999999999, "IoU.cradle": 0.7656000000000001, "IoU.oven": 0.40009999999999996, "IoU.ball": 0.3956, "IoU.food": 0.3265, "IoU.step": 0.08689999999999999, "IoU.tank": 0.4509, "IoU.trade name": 0.18359999999999999, "IoU.microwave": 0.3613, "IoU.pot": 0.337, "IoU.animal": 0.47909999999999997, "IoU.bicycle": 0.5294, "IoU.lake": 0.6012, "IoU.dishwasher": 0.529, "IoU.screen": 0.5616, "IoU.blanket": 0.081, "IoU.sculpture": 0.4927, "IoU.hood": 0.597, "IoU.sconce": 0.3034, "IoU.vase": 0.26649999999999996, "IoU.traffic light": 0.1991, "IoU.tray": 0.030600000000000002, "IoU.ashcan": 0.311, "IoU.fan": 0.5218, "IoU.pier": 0.529, "IoU.crt screen": 0.001, "IoU.plate": 0.4403, "IoU.monitor": 0.4989, "IoU.bulletin board": 0.38799999999999996, "IoU.shower": 0.0, "IoU.radiator": 0.6299, "IoU.glass": 0.0857, "IoU.clock": 0.3186, "IoU.flag": 0.2884, "Acc.wall": 0.8663, "Acc.building": 0.9217, "Acc.sky": 0.9712000000000001, "Acc.floor": 0.8937999999999999, "Acc.tree": 0.8795999999999999, "Acc.ceiling": 0.9159, "Acc.road": 0.8863, "Acc.bed ": 0.9437000000000001, "Acc.windowpane": 0.7465999999999999, "Acc.grass": 0.8484999999999999, "Acc.cabinet": 0.7132, "Acc.sidewalk": 0.7977, "Acc.person": 0.9129999999999999, "Acc.earth": 0.48200000000000004, "Acc.door": 0.6164999999999999, "Acc.table": 0.71, "Acc.mountain": 0.6113000000000001, "Acc.plant": 0.5753, "Acc.curtain": 0.8447, "Acc.chair": 0.6565000000000001, "Acc.car": 0.9194, "Acc.water": 0.6854, "Acc.painting": 0.8726999999999999, "Acc.sofa": 0.7820999999999999, "Acc.shelf": 0.5903, "Acc.house": 0.5724, "Acc.sea": 0.7452, "Acc.mirror": 0.7017, "Acc.rug": 0.6998000000000001, "Acc.field": 0.4518, "Acc.armchair": 0.5256000000000001, "Acc.seat": 0.8189, "Acc.fence": 0.6448, "Acc.desk": 0.6808, "Acc.rock": 0.7639, "Acc.wardrobe": 0.6975, "Acc.lamp": 0.6951999999999999, "Acc.bathtub": 0.8134999999999999, "Acc.railing": 0.4559, "Acc.cushion": 0.6574, "Acc.base": 0.41259999999999997, "Acc.box": 0.2843, "Acc.column": 0.5731, "Acc.signboard": 0.4619, "Acc.chest of drawers": 0.6029, "Acc.counter": 0.4314, "Acc.sand": 0.7317, "Acc.sink": 0.7415999999999999, "Acc.skyscraper": 0.6309, "Acc.fireplace": 0.8953, "Acc.refrigerator": 0.7746999999999999, "Acc.grandstand": 0.7363, "Acc.path": 0.3701, "Acc.stairs": 0.3768, "Acc.runway": 0.7591, "Acc.case": 0.6272, "Acc.pool table": 0.9603, "Acc.pillow": 0.6685, "Acc.screen door": 0.7624, "Acc.stairway": 0.37979999999999997, "Acc.river": 0.2208, "Acc.bridge": 0.8332999999999999, "Acc.bookcase": 0.6152000000000001, "Acc.blind": 0.4425, "Acc.coffee table": 0.7864, "Acc.toilet": 0.8891, "Acc.flower": 0.5984, "Acc.book": 0.6373, "Acc.hill": 0.21660000000000001, "Acc.bench": 0.4889, "Acc.countertop": 0.7084, "Acc.stove": 0.778, "Acc.palm": 0.7162000000000001, "Acc.kitchen island": 0.7545000000000001, "Acc.computer": 0.7058, "Acc.swivel chair": 0.6265999999999999, "Acc.boat": 0.5542, "Acc.bar": 0.6529, "Acc.arcade machine": 0.7225, "Acc.hovel": 0.1011, "Acc.bus": 0.9334, "Acc.towel": 0.6593000000000001, "Acc.light": 0.4996, "Acc.truck": 0.2627, "Acc.tower": 0.4807, "Acc.chandelier": 0.7978000000000001, "Acc.awning": 0.28350000000000003, "Acc.streetlight": 0.23550000000000001, "Acc.booth": 0.5397, "Acc.television receiver": 0.7312000000000001, "Acc.airplane": 0.6248, "Acc.dirt track": 0.2419, "Acc.apparel": 0.46149999999999997, "Acc.pole": 0.19390000000000002, "Acc.land": 0.0735, "Acc.bannister": 0.08310000000000001, "Acc.escalator": 0.2758, "Acc.ottoman": 0.5705, "Acc.bottle": 0.4911, "Acc.buffet": 0.551, "Acc.poster": 0.2692, "Acc.stage": 0.2721, "Acc.van": 0.4752, "Acc.ship": 0.789, "Acc.fountain": 0.31420000000000003, "Acc.conveyer belt": 0.9188, "Acc.canopy": 0.3797, "Acc.washer": 0.7541, "Acc.plaything": 0.25980000000000003, "Acc.swimming pool": 0.8376, "Acc.stool": 0.436, "Acc.barrel": 0.6437999999999999, "Acc.basket": 0.3787, "Acc.waterfall": 0.6592, "Acc.tent": 0.9854, "Acc.bag": 0.1192, "Acc.minibike": 0.7717, "Acc.cradle": 0.9764, "Acc.oven": 0.4806, "Acc.ball": 0.44189999999999996, "Acc.food": 0.3997, "Acc.step": 0.09939999999999999, "Acc.tank": 0.5841, "Acc.trade name": 0.2039, "Acc.microwave": 0.405, "Acc.pot": 0.38420000000000004, "Acc.animal": 0.5468999999999999, "Acc.bicycle": 0.7203, "Acc.lake": 0.6858, "Acc.dishwasher": 0.6452, "Acc.screen": 0.7863, "Acc.blanket": 0.09210000000000002, "Acc.sculpture": 0.7325, "Acc.hood": 0.6779000000000001, "Acc.sconce": 0.34240000000000004, "Acc.vase": 0.39159999999999995, "Acc.traffic light": 0.3181, "Acc.tray": 0.0907, "Acc.ashcan": 0.41100000000000003, "Acc.fan": 0.6528, "Acc.pier": 0.7826000000000001, "Acc.crt screen": 0.0017000000000000001, "Acc.plate": 0.6638, "Acc.monitor": 0.7086, "Acc.bulletin board": 0.4794, "Acc.shower": 0.0, "Acc.radiator": 0.7045, "Acc.glass": 0.0919, "Acc.clock": 0.3504, "Acc.flag": 0.3122}}