{"config": "/home/dk/vitmvt/configs/nas/vit_mvt_base/task_seg.py", "metric": {"aAcc": 0.8370000000000001, "mIoU": 0.5079, "mAcc": 0.6239, "IoU.wall": 0.7836, "IoU.building": 0.8281000000000001, "IoU.sky": 0.9449, "IoU.floor": 0.8209000000000001, "IoU.tree": 0.7490000000000001, "IoU.ceiling": 0.85, "IoU.road": 0.8431000000000001, "IoU.bed ": 0.8920999999999999, "IoU.windowpane": 0.6127, "IoU.grass": 0.6839, "IoU.cabinet": 0.6003000000000001, "IoU.sidewalk": 0.6724, "IoU.person": 0.8223999999999999, "IoU.earth": 0.36840000000000006, "IoU.door": 0.5093, "IoU.table": 0.6454000000000001, "IoU.mountain": 0.5844, "IoU.plant": 0.5206000000000001, "IoU.curtain": 0.7441, "IoU.chair": 0.5920000000000001, "IoU.car": 0.8545999999999999, "IoU.water": 0.5668, "IoU.painting": 0.7432, "IoU.sofa": 0.6878, "IoU.shelf": 0.3895, "IoU.house": 0.5036999999999999, "IoU.sea": 0.5875, "IoU.mirror": 0.679, "IoU.rug": 0.6486, "IoU.field": 0.3525, "IoU.armchair": 0.44049999999999995, "IoU.seat": 0.5914, "IoU.fence": 0.4586, "IoU.desk": 0.5371, "IoU.rock": 0.4321, "IoU.wardrobe": 0.46409999999999996, "IoU.lamp": 0.6781, "IoU.bathtub": 0.7773, "IoU.railing": 0.374, "IoU.cushion": 0.6203, "IoU.base": 0.3343, "IoU.box": 0.2557, "IoU.column": 0.44770000000000004, "IoU.signboard": 0.3713, "IoU.chest of drawers": 0.39130000000000004, "IoU.counter": 0.3636, "IoU.sand": 0.48369999999999996, "IoU.sink": 0.7517, "IoU.skyscraper": 0.4794, "IoU.fireplace": 0.7452, "IoU.refrigerator": 0.7783, "IoU.grandstand": 0.48960000000000004, "IoU.path": 0.25980000000000003, "IoU.stairs": 0.2737, "IoU.runway": 0.695, "IoU.case": 0.5123, "IoU.pool table": 0.9326000000000001, "IoU.pillow": 0.6091, "IoU.screen door": 0.6718000000000001, "IoU.stairway": 0.2852, "IoU.river": 0.0993, "IoU.bridge": 0.7792, "IoU.bookcase": 0.423, "IoU.blind": 0.3851, "IoU.coffee table": 0.5875, "IoU.toilet": 0.8591, "IoU.flower": 0.3632, "IoU.book": 0.4853, "IoU.hill": 0.1294, "IoU.bench": 0.5099, "IoU.countertop": 0.5292, "IoU.stove": 0.7757999999999999, "IoU.palm": 0.4886, "IoU.kitchen island": 0.4501, "IoU.computer": 0.6481, "IoU.swivel chair": 0.4205, "IoU.boat": 0.44659999999999994, "IoU.bar": 0.433, "IoU.arcade machine": 0.4362, "IoU.hovel": 0.0925, "IoU.bus": 0.8848, "IoU.towel": 0.6383, "IoU.light": 0.5451, "IoU.truck": 0.45659999999999995, "IoU.tower": 0.1826, "IoU.chandelier": 0.713, "IoU.awning": 0.268, "IoU.streetlight": 0.3006, "IoU.booth": 0.6253, "IoU.television receiver": 0.6297, "IoU.airplane": 0.6465000000000001, "IoU.dirt track": 0.1956, "IoU.apparel": 0.4068, "IoU.pole": 0.24600000000000002, "IoU.land": 0.0461, "IoU.bannister": 0.1523, "IoU.escalator": 0.3661, "IoU.ottoman": 0.5169, "IoU.bottle": 0.3722, "IoU.buffet": 0.3688, "IoU.poster": 0.33899999999999997, "IoU.stage": 0.145, "IoU.van": 0.3502, "IoU.ship": 0.6369, "IoU.fountain": 0.35719999999999996, "IoU.conveyer belt": 0.7548, "IoU.canopy": 0.22219999999999998, "IoU.washer": 0.6884, "IoU.plaything": 0.2515, "IoU.swimming pool": 0.4753, "IoU.stool": 0.39899999999999997, "IoU.barrel": 0.527, "IoU.basket": 0.2778, "IoU.waterfall": 0.5175, "IoU.tent": 0.9634999999999999, "IoU.bag": 0.1096, "IoU.minibike": 0.7001999999999999, "IoU.cradle": 0.8069, "IoU.oven": 0.5988, "IoU.ball": 0.5061, "IoU.food": 0.5318, "IoU.step": 0.0892, "IoU.tank": 0.5318, "IoU.trade name": 0.28059999999999996, "IoU.microwave": 0.8753, "IoU.pot": 0.48469999999999996, "IoU.animal": 0.5437, "IoU.bicycle": 0.5558, "IoU.lake": 0.546, "IoU.dishwasher": 0.5881000000000001, "IoU.screen": 0.5303, "IoU.blanket": 0.0966, "IoU.sculpture": 0.6708, "IoU.hood": 0.6692, "IoU.sconce": 0.4413, "IoU.vase": 0.4728, "IoU.traffic light": 0.3849, "IoU.tray": 0.1355, "IoU.ashcan": 0.4289, "IoU.fan": 0.6545000000000001, "IoU.pier": 0.5531, "IoU.crt screen": 0.0803, "IoU.plate": 0.6014, "IoU.monitor": 0.022400000000000003, "IoU.bulletin board": 0.46549999999999997, "IoU.shower": 0.0175, "IoU.radiator": 0.6232, "IoU.glass": 0.1487, "IoU.clock": 0.45840000000000003, "IoU.flag": 0.5841, "Acc.wall": 0.8902, "Acc.building": 0.9309999999999999, "Acc.sky": 0.9769, "Acc.floor": 0.9085, "Acc.tree": 0.8861, "Acc.ceiling": 0.9318000000000001, "Acc.road": 0.9129, "Acc.bed ": 0.9587, "Acc.windowpane": 0.7975, "Acc.grass": 0.8478, "Acc.cabinet": 0.726, "Acc.sidewalk": 0.8362, "Acc.person": 0.9335, "Acc.earth": 0.4924, "Acc.door": 0.6445000000000001, "Acc.table": 0.778, "Acc.mountain": 0.7041, "Acc.plant": 0.6101, "Acc.curtain": 0.8554, "Acc.chair": 0.7325, "Acc.car": 0.9312999999999999, "Acc.water": 0.7241, "Acc.painting": 0.8697, "Acc.sofa": 0.8493999999999999, "Acc.shelf": 0.5767, "Acc.house": 0.5928, "Acc.sea": 0.7759999999999999, "Acc.mirror": 0.7465999999999999, "Acc.rug": 0.7421, "Acc.field": 0.5779, "Acc.armchair": 0.6054999999999999, "Acc.seat": 0.8164, "Acc.fence": 0.603, "Acc.desk": 0.7242000000000001, "Acc.rock": 0.6418, "Acc.wardrobe": 0.6157, "Acc.lamp": 0.7902, "Acc.bathtub": 0.8398, "Acc.railing": 0.5214, "Acc.cushion": 0.7453, "Acc.base": 0.43090000000000006, "Acc.box": 0.3161, "Acc.column": 0.5571, "Acc.signboard": 0.5203, "Acc.chest of drawers": 0.5909, "Acc.counter": 0.4558, "Acc.sand": 0.6579, "Acc.sink": 0.8197, "Acc.skyscraper": 0.594, "Acc.fireplace": 0.9264, "Acc.refrigerator": 0.8131999999999999, "Acc.grandstand": 0.7535, "Acc.path": 0.35619999999999996, "Acc.stairs": 0.3492, "Acc.runway": 0.9134, "Acc.case": 0.6204999999999999, "Acc.pool table": 0.9653, "Acc.pillow": 0.7190000000000001, "Acc.screen door": 0.7940999999999999, "Acc.stairway": 0.3829, "Acc.river": 0.2192, "Acc.bridge": 0.8759, "Acc.bookcase": 0.6622, "Acc.blind": 0.425, "Acc.coffee table": 0.8205, "Acc.toilet": 0.903, "Acc.flower": 0.5318, "Acc.book": 0.6584, "Acc.hill": 0.2082, "Acc.bench": 0.5753, "Acc.countertop": 0.7681999999999999, "Acc.stove": 0.8434, "Acc.palm": 0.6831999999999999, "Acc.kitchen island": 0.7836, "Acc.computer": 0.741, "Acc.swivel chair": 0.5453, "Acc.boat": 0.4826, "Acc.bar": 0.578, "Acc.arcade machine": 0.4622, "Acc.hovel": 0.0943, "Acc.bus": 0.965, "Acc.towel": 0.7703, "Acc.light": 0.6277, "Acc.truck": 0.5031, "Acc.tower": 0.2379, "Acc.chandelier": 0.8338, "Acc.awning": 0.3126, "Acc.streetlight": 0.38189999999999996, "Acc.booth": 0.6687000000000001, "Acc.television receiver": 0.8066, "Acc.airplane": 0.7028, "Acc.dirt track": 0.2789, "Acc.apparel": 0.5561, "Acc.pole": 0.3357, "Acc.land": 0.06509999999999999, "Acc.bannister": 0.18100000000000002, "Acc.escalator": 0.493, "Acc.ottoman": 0.65, "Acc.bottle": 0.6246, "Acc.buffet": 0.43770000000000003, "Acc.poster": 0.4236, "Acc.stage": 0.20600000000000002, "Acc.van": 0.493, "Acc.ship": 0.9309000000000001, "Acc.fountain": 0.3663, "Acc.conveyer belt": 0.9045000000000001, "Acc.canopy": 0.2563, "Acc.washer": 0.7121, "Acc.plaything": 0.405, "Acc.swimming pool": 0.7709, "Acc.stool": 0.6035, "Acc.barrel": 0.7092, "Acc.basket": 0.4251, "Acc.waterfall": 0.6129, "Acc.tent": 0.9852, "Acc.bag": 0.12560000000000002, "Acc.minibike": 0.8484999999999999, "Acc.cradle": 0.9672, "Acc.oven": 0.7674, "Acc.ball": 0.5782, "Acc.food": 0.6419, "Acc.step": 0.095, "Acc.tank": 0.636, "Acc.trade name": 0.3232, "Acc.microwave": 0.9401, "Acc.pot": 0.5517, "Acc.animal": 0.5658, "Acc.bicycle": 0.8053, "Acc.lake": 0.6364, "Acc.dishwasher": 0.7313, "Acc.screen": 0.7441, "Acc.blanket": 0.1079, "Acc.sculpture": 0.8167, "Acc.hood": 0.7084, "Acc.sconce": 0.5495, "Acc.vase": 0.6132, "Acc.traffic light": 0.5442, "Acc.tray": 0.20929999999999999, "Acc.ashcan": 0.5735, "Acc.fan": 0.7606, "Acc.pier": 0.8654999999999999, "Acc.crt screen": 0.2949, "Acc.plate": 0.733, "Acc.monitor": 0.025099999999999997, "Acc.bulletin board": 0.5043, "Acc.shower": 0.0177, "Acc.radiator": 0.6859000000000001, "Acc.glass": 0.1607, "Acc.clock": 0.5395, "Acc.flag": 0.6428}}