{"config": "/home/dk/vitmvt/configs/nas/vit_mvt_tiny/task_seg.py", "metric": {"aAcc": 0.8144, "mIoU": 0.45640000000000003, "mAcc": 0.5826, "IoU.wall": 0.7505, "IoU.building": 0.8136, "IoU.sky": 0.9415, "IoU.floor": 0.8014, "IoU.tree": 0.738, "IoU.ceiling": 0.8264, "IoU.road": 0.8114, "IoU.bed ": 0.8498, "IoU.windowpane": 0.605, "IoU.grass": 0.6731, "IoU.cabinet": 0.5854, "IoU.sidewalk": 0.6008, "IoU.person": 0.7867000000000001, "IoU.earth": 0.3411, "IoU.door": 0.44170000000000004, "IoU.table": 0.5349, "IoU.mountain": 0.5146000000000001, "IoU.plant": 0.4771, "IoU.curtain": 0.7195999999999999, "IoU.chair": 0.5166, "IoU.car": 0.8216, "IoU.water": 0.5448, "IoU.painting": 0.6931999999999999, "IoU.sofa": 0.5819, "IoU.shelf": 0.3934, "IoU.house": 0.4414, "IoU.sea": 0.5898, "IoU.mirror": 0.5836, "IoU.rug": 0.6272, "IoU.field": 0.2901, "IoU.armchair": 0.3481, "IoU.seat": 0.6464, "IoU.fence": 0.4572, "IoU.desk": 0.49329999999999996, "IoU.rock": 0.449, "IoU.wardrobe": 0.47450000000000003, "IoU.lamp": 0.55, "IoU.bathtub": 0.7351000000000001, "IoU.railing": 0.36119999999999997, "IoU.cushion": 0.514, "IoU.base": 0.2849, "IoU.box": 0.2034, "IoU.column": 0.45020000000000004, "IoU.signboard": 0.32909999999999995, "IoU.chest of drawers": 0.4255, "IoU.counter": 0.3245, "IoU.sand": 0.5022, "IoU.sink": 0.6461, "IoU.skyscraper": 0.4772, "IoU.fireplace": 0.6973, "IoU.refrigerator": 0.6581999999999999, "IoU.grandstand": 0.35600000000000004, "IoU.path": 0.24530000000000002, "IoU.stairs": 0.2833, "IoU.runway": 0.6049, "IoU.case": 0.46990000000000004, "IoU.pool table": 0.9087999999999999, "IoU.pillow": 0.5043, "IoU.screen door": 0.5972, "IoU.stairway": 0.2551, "IoU.river": 0.1079, "IoU.bridge": 0.7021, "IoU.bookcase": 0.4028, "IoU.blind": 0.37579999999999997, "IoU.coffee table": 0.4783, "IoU.toilet": 0.7875, "IoU.flower": 0.3176, "IoU.book": 0.43479999999999996, "IoU.hill": 0.1133, "IoU.bench": 0.4376, "IoU.countertop": 0.5177, "IoU.stove": 0.6687000000000001, "IoU.palm": 0.47840000000000005, "IoU.kitchen island": 0.366, "IoU.computer": 0.5494, "IoU.swivel chair": 0.4121, "IoU.boat": 0.33299999999999996, "IoU.bar": 0.5042, "IoU.arcade machine": 0.7766, "IoU.hovel": 0.07769999999999999, "IoU.bus": 0.8629000000000001, "IoU.towel": 0.5425, "IoU.light": 0.4428, "IoU.truck": 0.1911, "IoU.tower": 0.2878, "IoU.chandelier": 0.5905, "IoU.awning": 0.2475, "IoU.streetlight": 0.1808, "IoU.booth": 0.507, "IoU.television receiver": 0.6496, "IoU.airplane": 0.5668, "IoU.dirt track": 0.0496, "IoU.apparel": 0.3003, "IoU.pole": 0.1409, "IoU.land": 0.047, "IoU.bannister": 0.059800000000000006, "IoU.escalator": 0.24989999999999998, "IoU.ottoman": 0.4075, "IoU.bottle": 0.3095, "IoU.buffet": 0.457, "IoU.poster": 0.1895, "IoU.stage": 0.19219999999999998, "IoU.van": 0.36060000000000003, "IoU.ship": 0.6129, "IoU.fountain": 0.2833, "IoU.conveyer belt": 0.7372, "IoU.canopy": 0.27690000000000003, "IoU.washer": 0.6668000000000001, "IoU.plaything": 0.1788, "IoU.swimming pool": 0.6093999999999999, "IoU.stool": 0.3685, "IoU.barrel": 0.4025, "IoU.basket": 0.31670000000000004, "IoU.waterfall": 0.6472, "IoU.tent": 0.8365, "IoU.bag": 0.08779999999999999, "IoU.minibike": 0.6221, "IoU.cradle": 0.7646, "IoU.oven": 0.4183, "IoU.ball": 0.396, "IoU.food": 0.31370000000000003, "IoU.step": 0.046900000000000004, "IoU.tank": 0.4993, "IoU.trade name": 0.2, "IoU.microwave": 0.3514, "IoU.pot": 0.3574, "IoU.animal": 0.4826, "IoU.bicycle": 0.5036999999999999, "IoU.lake": 0.613, "IoU.dishwasher": 0.48700000000000004, "IoU.screen": 0.5791, "IoU.blanket": 0.0793, "IoU.sculpture": 0.5338, "IoU.hood": 0.5962, "IoU.sconce": 0.3208, "IoU.vase": 0.2889, "IoU.traffic light": 0.20850000000000002, "IoU.tray": 0.0318, "IoU.ashcan": 0.2944, "IoU.fan": 0.5058, "IoU.pier": 0.49119999999999997, "IoU.crt screen": 0.0, "IoU.plate": 0.36979999999999996, "IoU.monitor": 0.534, "IoU.bulletin board": 0.446, "IoU.shower": 0.0, "IoU.radiator": 0.6062, "IoU.glass": 0.0806, "IoU.clock": 0.303, "IoU.flag": 0.2938, "Acc.wall": 0.8633, "Acc.building": 0.9245, "Acc.sky": 0.97, "Acc.floor": 0.892, "Acc.tree": 0.8797, "Acc.ceiling": 0.9123, "Acc.road": 0.8914, "Acc.bed ": 0.9440000000000001, "Acc.windowpane": 0.7692, "Acc.grass": 0.8167, "Acc.cabinet": 0.7027, "Acc.sidewalk": 0.7679, "Acc.person": 0.9129999999999999, "Acc.earth": 0.4844, "Acc.door": 0.5865, "Acc.table": 0.7067, "Acc.mountain": 0.627, "Acc.plant": 0.5826, "Acc.curtain": 0.8501000000000001, "Acc.chair": 0.6545000000000001, "Acc.car": 0.9261, "Acc.water": 0.6975, "Acc.painting": 0.8756, "Acc.sofa": 0.7894, "Acc.shelf": 0.5461, "Acc.house": 0.6012, "Acc.sea": 0.7620999999999999, "Acc.mirror": 0.6786, "Acc.rug": 0.7237, "Acc.field": 0.4435, "Acc.armchair": 0.5247999999999999, "Acc.seat": 0.8136, "Acc.fence": 0.6434000000000001, "Acc.desk": 0.6912, "Acc.rock": 0.7689, "Acc.wardrobe": 0.7078, "Acc.lamp": 0.6894, "Acc.bathtub": 0.8170000000000001, "Acc.railing": 0.4866, "Acc.cushion": 0.6468, "Acc.base": 0.42450000000000004, "Acc.box": 0.25420000000000004, "Acc.column": 0.5747, "Acc.signboard": 0.43, "Acc.chest of drawers": 0.6131, "Acc.counter": 0.46340000000000003, "Acc.sand": 0.7349, "Acc.sink": 0.7456999999999999, "Acc.skyscraper": 0.6134000000000001, "Acc.fireplace": 0.8883, "Acc.refrigerator": 0.7693000000000001, "Acc.grandstand": 0.7239, "Acc.path": 0.36979999999999996, "Acc.stairs": 0.3543, "Acc.runway": 0.7746, "Acc.case": 0.6302, "Acc.pool table": 0.9626, "Acc.pillow": 0.6537000000000001, "Acc.screen door": 0.7482, "Acc.stairway": 0.3398, "Acc.river": 0.2434, "Acc.bridge": 0.8842, "Acc.bookcase": 0.6536, "Acc.blind": 0.41759999999999997, "Acc.coffee table": 0.7831999999999999, "Acc.toilet": 0.8903, "Acc.flower": 0.6262, "Acc.book": 0.634, "Acc.hill": 0.2094, "Acc.bench": 0.5059, "Acc.countertop": 0.6518999999999999, "Acc.stove": 0.7656999999999999, "Acc.palm": 0.7058, "Acc.kitchen island": 0.7928000000000001, "Acc.computer": 0.6972, "Acc.swivel chair": 0.6077, "Acc.boat": 0.6043, "Acc.bar": 0.6452, "Acc.arcade machine": 0.8515999999999999, "Acc.hovel": 0.08710000000000001, "Acc.bus": 0.9253, "Acc.towel": 0.6531, "Acc.light": 0.4813, "Acc.truck": 0.2572, "Acc.tower": 0.4849, "Acc.chandelier": 0.8029000000000001, "Acc.awning": 0.3015, "Acc.streetlight": 0.2214, "Acc.booth": 0.5534, "Acc.television receiver": 0.7495999999999999, "Acc.airplane": 0.631, "Acc.dirt track": 0.12619999999999998, "Acc.apparel": 0.4532, "Acc.pole": 0.17809999999999998, "Acc.land": 0.0689, "Acc.bannister": 0.0793, "Acc.escalator": 0.2799, "Acc.ottoman": 0.5331, "Acc.bottle": 0.4673, "Acc.buffet": 0.6272, "Acc.poster": 0.2965, "Acc.stage": 0.2572, "Acc.van": 0.47009999999999996, "Acc.ship": 0.8395, "Acc.fountain": 0.3175, "Acc.conveyer belt": 0.9226000000000001, "Acc.canopy": 0.38530000000000003, "Acc.washer": 0.7461, "Acc.plaything": 0.2555, "Acc.swimming pool": 0.8332999999999999, "Acc.stool": 0.4371, "Acc.barrel": 0.6417, "Acc.basket": 0.3986, "Acc.waterfall": 0.7573000000000001, "Acc.tent": 0.987, "Acc.bag": 0.10300000000000001, "Acc.minibike": 0.7289, "Acc.cradle": 0.9772, "Acc.oven": 0.503, "Acc.ball": 0.4457, "Acc.food": 0.37229999999999996, "Acc.step": 0.0506, "Acc.tank": 0.6442, "Acc.trade name": 0.2231, "Acc.microwave": 0.39189999999999997, "Acc.pot": 0.4035, "Acc.animal": 0.5474, "Acc.bicycle": 0.7361, "Acc.lake": 0.6920000000000001, "Acc.dishwasher": 0.6227, "Acc.screen": 0.8416, "Acc.blanket": 0.0902, "Acc.sculpture": 0.7409, "Acc.hood": 0.6742, "Acc.sconce": 0.36700000000000005, "Acc.vase": 0.4174, "Acc.traffic light": 0.332, "Acc.tray": 0.0711, "Acc.ashcan": 0.37020000000000003, "Acc.fan": 0.6683, "Acc.pier": 0.6886, "Acc.crt screen": 0.0, "Acc.plate": 0.662, "Acc.monitor": 0.7594, "Acc.bulletin board": 0.5083, "Acc.shower": 0.0, "Acc.radiator": 0.7066, "Acc.glass": 0.08439999999999999, "Acc.clock": 0.3243, "Acc.flag": 0.322}}